<?xml version="1.0" encoding="UTF-8"?>
<beans xmlns="http://www.springframework.org/schema/beans"
       xmlns:xsi="http://www.w3.org/2001/XMLSchema-instance" xmlns:aop="http://www.springframework.org/schema/aop"
       xmlns:context="http://www.springframework.org/schema/context"
       xmlns:mvc="http://www.springframework.org/schema/mvc"
       xmlns:tx="http://www.springframework.org/schema/tx" xmlns:p="http://www.springframework.org/schema/p"
       xmlns:util="http://www.springframework.org/schema/util" xmlns:mva="http://www.springframework.org/schema/mvc"
       xsi:schemaLocation="http://www.springframework.org/schema/beans http://www.springframework.org/schema/beans/spring-beans-4.0.xsd
    http://www.springframework.org/schema/aop http://www.springframework.org/schema/aop/spring-aop-4.0.xsd
    http://www.springframework.org/schema/context http://www.springframework.org/schema/context/spring-context-4.0.xsd
    http://www.springframework.org/schema/mvc http://www.springframework.org/schema/mvc/spring-mvc-4.0.xsd
    http://www.springframework.org/schema/tx http://www.springframework.org/schema/tx/spring-tx-4.0.xsd
    http://www.springframework.org/schema/util http://www.springframework.org/schema/util/spring-util-4.0.xsd">

    <!--配置组件扫描器-->
    <context:component-scan base-package="com.qsxh"></context:component-scan>

    <!--配置自动代理-->
    <aop:aspectj-autoproxy proxy-target-class="true"></aop:aspectj-autoproxy>

    <!-- 注册springMVC注解驱动 ,开启消息转换器-->
    <mvc:annotation-driven></mvc:annotation-driven>

    <!--前端控制器，哪些静态资源不拦截-->
        <mvc:resources location="/css/" mapping="/css/**"/>
        <mvc:resources location="/images/" mapping="/images/**"/>
        <mvc:resources location="/js/" mapping="/js/**"/>
        <mvc:resources location="/diyUpload/" mapping="/diyUpload/**"/>
        <mvc:resources location="/layui/" mapping="/layui/**"/>

    <!-- 设置视图解析器 -->
    <bean class="org.springframework.web.servlet.view.InternalResourceViewResolver">
        <property name="prefix" value="/jsp/"></property>
        <property name="suffix" value=".jsp"></property>
    </bean>

    <!-- 文件上传 -->
    <bean id="multipartResolver" class="org.springframework.web.multipart.commons.CommonsMultipartResolver">
        <property name="defaultEncoding" value="UTF-8"></property>
        <property name="maxUploadSize">
    <!-- 文件最大上传为5M-->
            <value>5242880</value>
        </property>
    </bean>

    <!-- 注册拦截器 -->
    <!--    <mvc:interceptors>-->
    <!--        <mvc:com.qsxh.interceptor>-->
    <!--            <mvc:mapping path="/*/*.do"/>-->
    <!--            <mvc:exclude-mapping path="/userBase/login.do"/>-->
    <!--            <bean class="powerx.io.config.AuthInterceptor"/>-->
    <!--        </mvc:com.qsxh.interceptor>-->
    <!--    </mvc:interceptors>-->

<!--    &lt;!&ndash; 处理请求返回json字符串的中文乱码问题 &ndash;&gt;-->
<!--    <mvc:annotation-driven>-->
<!--        <mvc:message-converters>-->
<!--            <bean class="org.springframework.http.converter.StringHttpMessageConverter">-->
<!--                <property name="supportedMediaTypes">-->
<!--                    <list>-->
<!--                        <value>application/json;charset=UTF-8</value>-->
<!--                    </list>-->
<!--                </property>-->
<!--            </bean>-->
<!--        </mvc:message-converters>-->
<!--    </mvc:annotation-driven>-->

        <mvc:interceptors>
           <!-- 登录状态判断拦截-->
            <mvc:interceptor>
                <mvc:mapping path="/**"/>
                <mvc:exclude-mapping path="/log/*" />
                <mvc:exclude-mapping path="/regManager/*"/>
                <bean class="com.qsxh.interceptor.UserInterceptor" />
            </mvc:interceptor>
            <!--未读消息数拦截-->
            <mvc:interceptor>
                <mvc:mapping path="/**"/>
                <mvc:exclude-mapping path="/log/*"/>
                <mvc:exclude-mapping path="/regManager/*"/>
                <bean class="com.qsxh.interceptor.InformCountInterceptor"/>
            </mvc:interceptor>
        </mvc:interceptors>

</beans>