<?xml version="1.0" encoding="UTF-8"?>
<beans xmlns="http://www.springframework.org/schema/beans"
       xmlns:xsi="http://www.w3.org/2001/XMLSchema-instance" xmlns:aop="http://www.springframework.org/schema/aop"
       xmlns:context="http://www.springframework.org/schema/context"
       xmlns:mvc="http://www.springframework.org/schema/mvc"
       xmlns:tx="http://www.springframework.org/schema/tx" xmlns:p="http://www.springframework.org/schema/p"
       xmlns:util="http://www.springframework.org/schema/util"
       xsi:schemaLocation="http://www.springframework.org/schema/beans http://www.springframework.org/schema/beans/spring-beans-4.0.xsd
    http://www.springframework.org/schema/aop http://www.springframework.org/schema/aop/spring-aop-4.0.xsd
    http://www.springframework.org/schema/context http://www.springframework.org/schema/context/spring-context-4.0.xsd
    http://www.springframework.org/schema/mvc http://www.springframework.org/schema/mvc/spring-mvc-4.0.xsd
    http://www.springframework.org/schema/tx http://www.springframework.org/schema/tx/spring-tx-4.0.xsd
    http://www.springframework.org/schema/util http://www.springframework.org/schema/util/spring-util-4.0.xsd">

    <!--配置组件扫描器-->
    <context:component-scan base-package="com.qsxh"></context:component-scan>

    <!--配置自动代理-->
    <aop:aspectj-autoproxy proxy-target-class="true"></aop:aspectj-autoproxy>

    <!--一、基于代理的AOP -->
    <bean id="lina" class="com.qsxh.service.impl.RelationServiceImpl"/>


    <!-- 配置数据库连接池 -->
    <!-- 加载配置文件 -->
    <context:property-placeholder location="classpath:db.properties"/>
    <bean id="myDataSource" class="org.apache.commons.dbcp2.BasicDataSource" destroy-method="close">
        <property name="driverClassName" value="${jdbc.driverClassName}"/>
        <property name="url" value="${jdbc.url}"/>
        <property name="username" value="${jdbc.username}"/>
        <property name="password" value="${jdbc.password}"/>
    </bean>

    <!-- 配置SqlSessionFactoryBean-->
    <bean id="sqlSessionFactory" class="org.mybatis.spring.SqlSessionFactoryBean">
        <property name="dataSource" ref="myDataSource"/>
        <property name="mapperLocations" value="classpath:mapper/*.xml"/>
        <!--配置PageHelper插件-->
        <property name="plugins">
            <array>
                <bean class="com.github.pagehelper.PageInterceptor">
                    <property name="properties">
                        <!--使用下面的方式配置参数，一行配置一个,全部加进去,不然会报错, 旧版本是Dialect, 现在版本改成了helperDialect -->
                        <value>
                            helperDialect=mysql
                            reasonable=true
                            supportMethodsArguments=true
                            params=count=countSql
                            autoRuntimeDialect=true
                        </value>
                    </property>
                </bean>
            </array>
        </property>
    </bean>

    <!-- 配置MapperScannerConfigurer -->
    <bean class="org.mybatis.spring.mapper.MapperScannerConfigurer">
        <property name="basePackage" value="com.qsxh.dao"/>
    </bean>

    <!--注解驱动-->
    <mvc:annotation-driven />

    <!-- 事务管理器 transactionManager -->
    <bean id="transactionManager" class="org.springframework.jdbc.datasource.DataSourceTransactionManager">
        <property name="dataSource" ref="myDataSource"/>
    </bean>

    <!--使用事务注解，需要添加transactional注解属性-->
    <tx:annotation-driven transaction-manager="transactionManager"/>

    <!-- rabbitmq -->
    <import resource="classpath*:spring-rabbitmq.xml" />

    <context:component-scan base-package="com.comit.appointment">
        <context:exclude-filter type="annotation" expression="org.springframework.stereotype.Controller"/>
    </context:component-scan>

</beans>