<?xml version="1.0" encoding="UTF-8" ?>
<!DOCTYPE mapper PUBLIC "-//mybatis.org//DTD Mapper 3.0//EN"
        "http://mybatis.org/dtd/mybatis-3-mapper.dtd">

<mapper namespace="com.qsxh.dao.InformDao">
    <!--系统消息未读数-->
    <select id="unreadSysInform" resultType="java.lang.Integer">
        select count(*) from tblinform
        where itoid = #{userid} and istate = '32' and itype = '81'
    </select>

    <!--活动消息未读数-->
    <select id="unreadActiveInform" resultType="java.lang.Integer">
        select count(*) from tblinform
        where itoid = #{userid} and istate = '32' and itype = '82'
    </select>

    <!--系统消息-->
    <select id="systemInform" resultType="com.qsxh.entity.Inform">
        select * from tblinform where itoid = #{userid} and itype = '81' order by itime desc
    </select>

    <!--活动消息-->
    <select id="activeInform" resultType="com.qsxh.entity.Inform">
        select * from tblinform where itoid = #{userid} and itype = '82' order by itime desc
    </select>

    <!--查看详情-->
    <select id="informDetails" resultType="com.qsxh.entity.Inform">
        select * from tblinform where informid = #{informid}
    </select>

    <!--更改已读-->
    <update id="readSysOrActive">
        update tblinform set istate = '31' where informid = #{informid}
    </update>

    <!--发送系统消息-->
    <insert id="sendSystemInform" parameterType="com.qsxh.entity.Inform">
        insert into tblinform (itime , ititle , icontext , itype , itoid , istate)
        values (#{itime} , #{ititle} , #{icontext} , #{itype} , #{itoid} , #{istate})
    </insert>

    <!--历史推送消息 列表-->
    <select id="informList" parameterType="com.qsxh.entity.Inform" resultType="com.qsxh.entity.Inform">
        select * from tblinform
        <where>
            <if test=" !(''.equals(itype)) and null!= itype">
                and itype = #{itype}
            </if>
            <if test=" !(''.equals(ititle)) and null!= ititle">
                and ititle like '%${ititle}%'
            </if>
            <if test=" !(''.equals(begindate)) and null!= begindate ">
                and itime &gt;= #{begindate}
            </if>
            <if test=" !(''.equals(enddate)) and null!= enddate">
                and itime &lt;= #{enddate}
            </if>
        </where>
        ORDER BY itime desc
        limit #{page},#{limit}
    </select>

    <!--历史推送消息 记录数-->
    <select id="informCount" parameterType="com.qsxh.entity.Inform" resultType="java.lang.Integer">
        select count(*) from tblinform
        <where>
            <if test=" !(''.equals(itype)) and null!= itype">
                and itype = #{itype}
            </if>
            <if test=" !(''.equals(ititle)) and null!= ititle">
                and ititle like '%${ititle}%'
            </if>
            <if test=" !(''.equals(begindate)) and null!= begindate ">
                and itime &gt;= #{begindate}
            </if>
            <if test=" !(''.equals(enddate)) and null!= enddate">
                and itime &lt;= #{enddate}
            </if>
        </where>
    </select>

    <!--查询所有的用户id-->
    <select id="findAll" resultType="java.lang.String">
        select userid from tbluser
        <if test=" !(''.equals(ol)) and null!= ol">
            and uonline = '11'
        </if>
    </select>

    <!--查询所有的男性用户id-->
    <select id="findAllMan" resultType="java.lang.String">
        select u.userid from tbluser u , tbldata d
        where u.userid = d.userid
        and d.usex = '男'
        <if test=" !(''.equals(ol)) and null!= ol">
            and u.uonline = '11'
        </if>
    </select>

    <!--查询所有的女性用户id-->
    <select id="findAllWomen" resultType="java.lang.String">
        select u.userid from tbluser u , tbldata d
        where u.userid = d.userid
        and d.usex = '女'
        <if test=" !(''.equals(ol)) and null!= ol">
            and u.uonline = '11'
        </if>
    </select>

    <!--查询所有的普通用户id-->
    <select id="findAllUser" resultType="java.lang.String">
        select userid from tbluser
        where roleid = '3'
        <if test=" !(''.equals(ol)) and null!= ol">
            and uonline = '11'
        </if>
    </select>

    <!--查询所有的vip用户id-->
    <select id="findAllVip" resultType="java.lang.String">
        select userid from tbluser
        where roleid = '4'
        <if test=" !(''.equals(ol)) and null!= ol">
            and uonline = '11'
        </if>
    </select>

    <!--新增消息推送记录-->
    <insert id="addRecord" parameterType="com.qsxh.entity.Inform">
        insert into tblinform (itime , ititle , icontext , itype , itoid , iurl , istate)
        values (#{itime} , #{ititle} , #{icontext} , #{itype} , #{itoid} , #{iurl} , #{istate})
    </insert>

</mapper>
