<?xml version="1.0" encoding="UTF-8" ?>
<!DOCTYPE mapper PUBLIC "-//mybatis.org//DTD Mapper 3.0//EN"
        "http://mybatis.org/dtd/mybatis-3-mapper.dtd">

<mapper namespace="com.qsxh.dao.RelationDao">

    <!--查找关系-->
    <select id="findRelation" parameterType="com.qsxh.entity.TblRelation" resultType="com.qsxh.entity.TblRelation">
        SELECT ffromid,ftoid,fgood,ffollow FROM tblrelation
        WHERE ffromid = #{ffromid} AND ftoid = #{ftoid}
    </select>

    <!--添加关系-->
    <insert id="addRelation" parameterType="com.qsxh.entity.TblRelation">
        INSERT INTO tblrelation (ffromid,ftoid,fgood,ffollow)
        VALUES (#{ffromid}, #{ftoid},'62','72')
    </insert>

    <!--修改关系-->
    <update id="updateRelation" parameterType="com.qsxh.entity.TblRelation">
        UPDATE tblrelation SET fgood=#{fgood} ,ffollow=#{ffollow}
        WHERE ffromid=#{ffromid} AND ftoid=#{ftoid}
    </update>

    <!--查找关注列表-->
    <select id="findFollowed" resultType="com.qsxh.entity.TblUser">
        SELECT td.uage,tu.uname,tu.uonline,td.uheight,
        td.conste,td.uincome,tr.ffollow,tr.fgood,tu.userid
        FROM tblrelation tr,tbluser tu,tbldata td
        WHERE tr.ffollow='71' AND tr.ffromid=#{userid}
        AND tr.ftoid=tu.userid AND tu.userid=td.userid
        ORDER BY tu.uonline
    </select>

    <!--查找魅力值-->
    <select id="findCharm" resultType="java.lang.String">
        SELECT ucharm FROM tbldata WHERE userid=#{userid}
    </select>

    <!--修改魅力值-->
    <update id="changeCharm" >
        UPDATE tbldata SET ucharm=#{ucharm} WHERE userid=#{userid}
    </update>

</mapper>
